{"stats":{"minecraft:custom":{"minecraft:deaths":1,"minecraft:time_since_rest":2781,"minecraft:play_time":9977,"minecraft:crouch_one_cm":2486,"minecraft:sprint_one_cm":44810,"minecraft:damage_taken":420,"minecraft:walk_one_cm":15059,"minecraft:sneak_time":846,"minecraft:drop":2,"minecraft:jump":317,"minecraft:damage_dealt":105,"minecraft:leave_game":1,"minecraft:time_since_death":2777,"minecraft:total_world_time":9977,"minecraft:interact_with_crafting_table":5,"minecraft:fly_one_cm":68599,"minecraft:fall_one_cm":8356},"minecraft:dropped":{"minecraft:dirt":1,"minecraft:wooden_pickaxe":1},"minecraft:mined":{"minecraft:oak_log":22,"minecraft:grass_block":1,"minecraft:coal_ore":1,"minecraft:dirt":4,"minecraft:stone":24,"minecraft:oak_leaves":2,"minecraft:crafting_table":1},"minecraft:used":{"minecraft:stone_axe":16,"minecraft:stone_sword":1,"minecraft:dirt":5,"minecraft:crafting_table":2,"minecraft:stone_pickaxe":14,"minecraft:wooden_pickaxe":11},"minecraft:picked_up":{"minecraft:crafting_table":1,"minecraft:wooden_pickaxe":1,"minecraft:oak_log":22,"minecraft:coal":1,"minecraft:dirt":6,"minecraft:cobblestone":24},"minecraft:crafted":{"minecraft:stone_sword":1,"minecraft:oak_planks":88,"minecraft:stone_axe":1,"minecraft:crafting_table":2,"minecraft:stick":20,"minecraft:wooden_pickaxe":1,"minecraft:stone_pickaxe":1}},"DataVersion":3465}