{"stats":{"minecraft:custom":{"minecraft:time_since_rest":15967,"minecraft:interact_with_furnace":4,"minecraft:sprint_one_cm":70031,"minecraft:damage_taken":500,"minecraft:walk_one_cm":23448,"minecraft:mob_kills":3,"minecraft:drop":3,"minecraft:damage_dealt":265,"minecraft:interact_with_crafting_table":10,"minecraft:swim_one_cm":33902,"minecraft:fly_one_cm":115841,"minecraft:open_chest":2,"minecraft:crouch_one_cm":5319,"minecraft:play_time":23163,"minecraft:deaths":1,"minecraft:sneak_time":1931,"minecraft:walk_under_water_one_cm":10402,"minecraft:boat_one_cm":116802,"minecraft:jump":536,"minecraft:leave_game":2,"minecraft:time_since_death":15963,"minecraft:walk_on_water_one_cm":6443,"minecraft:total_world_time":23163,"minecraft:fall_one_cm":15936},"minecraft:killed":{"minecraft:pig":1,"minecraft:cod":2},"minecraft:dropped":{"minecraft:dirt":1,"minecraft:wooden_pickaxe":2},"minecraft:mined":{"minecraft:furnace":1,"minecraft:iron_ore":2,"minecraft:crafting_table":6,"minecraft:coal_ore":15,"minecraft:grass_block":1,"minecraft:oak_log":38,"minecraft:dirt":4,"minecraft:stone":35,"minecraft:oak_leaves":2},"minecraft:used":{"minecraft:stone_sword":1,"minecraft:stone_pickaxe":42,"minecraft:wooden_pickaxe":11,"minecraft:stone_axe":41,"minecraft:dirt":5,"minecraft:written_book":5,"minecraft:crafting_table":6,"minecraft:furnace":1,"minecraft:cooked_porkchop":2,"minecraft:oak_boat":2},"minecraft:picked_up":{"minecraft:raw_iron":2,"minecraft:crafting_table":6,"minecraft:wooden_pickaxe":1,"minecraft:porkchop":3,"minecraft:oak_log":38,"minecraft:dirt":6,"minecraft:iron_ingot":2,"minecraft:oak_boat":1,"minecraft:cod":2,"minecraft:coal":16,"minecraft:cobblestone":35,"minecraft:furnace":1},"minecraft:crafted":{"minecraft:oak_boat":1,"minecraft:oak_planks":132,"minecraft:cooked_porkchop":3,"minecraft:shield":1,"minecraft:crafting_table":2,"minecraft:stick":20,"minecraft:wooden_pickaxe":1,"minecraft:stone_pickaxe":2,"minecraft:stone_sword":1,"minecraft:furnace":1,"minecraft:stone_axe":2,"minecraft:air":0}},"DataVersion":3465}