{"stats":{"minecraft:custom":{"minecraft:time_since_rest":50383,"minecraft:interact_with_furnace":3,"minecraft:sprint_one_cm":63049,"minecraft:damage_taken":28,"minecraft:walk_one_cm":34256,"minecraft:drop":3,"minecraft:swim_one_cm":466,"minecraft:interact_with_crafting_table":5,"minecraft:fly_one_cm":201862,"minecraft:crouch_one_cm":9733,"minecraft:play_time":50383,"minecraft:sneak_time":2647,"minecraft:walk_under_water_one_cm":84,"minecraft:jump":853,"minecraft:leave_game":2,"minecraft:time_since_death":50383,"minecraft:walk_on_water_one_cm":15,"minecraft:total_world_time":50383,"minecraft:damage_resisted":2,"minecraft:fall_one_cm":9567},"minecraft:dropped":{"minecraft:wheat_seeds":1,"minecraft:granite":1,"minecraft:wooden_pickaxe":1},"minecraft:used":{"minecraft:stone_pickaxe":60,"minecraft:wooden_pickaxe":20,"minecraft:torch":6,"minecraft:stone_axe":14,"minecraft:dirt":6,"minecraft:cobblestone":8,"minecraft:crafting_table":3,"minecraft:furnace":1},"minecraft:mined":{"minecraft:furnace":1,"minecraft:iron_ore":2,"minecraft:birch_leaves":2,"minecraft:crafting_table":2,"minecraft:granite":1,"minecraft:grass":1,"minecraft:grass_block":2,"minecraft:oak_log":18,"minecraft:coal_ore":25,"minecraft:dirt":4,"minecraft:cobblestone":4,"minecraft:stone":45,"minecraft:oak_leaves":2,"minecraft:wall_torch":1},"minecraft:picked_up":{"minecraft:crafting_table":2,"minecraft:raw_iron":2,"minecraft:torch":1,"minecraft:oak_log":17,"minecraft:dirt":6,"minecraft:wheat_seeds":1,"minecraft:granite":1,"minecraft:coal":25,"minecraft:cobblestone":49,"minecraft:furnace":1},"minecraft:crafted":{"minecraft:oak_planks":68,"minecraft:shield":1,"minecraft:crafting_table":2,"minecraft:stick":16,"minecraft:wooden_pickaxe":1,"minecraft:iron_ingot":2,"minecraft:stone_pickaxe":1,"minecraft:stone_sword":1,"minecraft:furnace":1,"minecraft:torch":20,"minecraft:stone_axe":1,"minecraft:air":0}},"DataVersion":3465}