{"stats":{"minecraft:custom":{"minecraft:time_since_rest":63569,"minecraft:interact_with_furnace":7,"minecraft:sprint_one_cm":88213,"minecraft:damage_taken":126,"minecraft:walk_one_cm":59060,"minecraft:damage_blocked_by_shield":75,"minecraft:mob_kills":2,"minecraft:drop":6,"minecraft:damage_dealt":200,"minecraft:swim_one_cm":466,"minecraft:interact_with_crafting_table":6,"minecraft:fly_one_cm":237583,"minecraft:crouch_one_cm":15896,"minecraft:play_time":63569,"minecraft:sneak_time":4525,"minecraft:walk_under_water_one_cm":84,"minecraft:jump":1094,"minecraft:leave_game":3,"minecraft:time_since_death":63569,"minecraft:walk_on_water_one_cm":15,"minecraft:total_world_time":63569,"minecraft:damage_resisted":2,"minecraft:fall_one_cm":18910},"minecraft:killed":{"minecraft:skeleton":1,"minecraft:zombie":1},"minecraft:dropped":{"minecraft:wheat_seeds":1,"minecraft:andesite":1,"minecraft:granite":7,"minecraft:wooden_pickaxe":1},"minecraft:mined":{"minecraft:furnace":2,"minecraft:iron_ore":19,"minecraft:andesite":1,"minecraft:birch_leaves":2,"minecraft:crafting_table":3,"minecraft:granite":4,"minecraft:grass":1,"minecraft:grass_block":2,"minecraft:oak_log":18,"minecraft:coal_ore":31,"minecraft:dirt":4,"minecraft:cobblestone":10,"minecraft:stone":73,"minecraft:oak_leaves":2,"minecraft:wall_torch":2},"minecraft:used":{"minecraft:stone_sword":4,"minecraft:stone_pickaxe":122,"minecraft:shield":1,"minecraft:wooden_pickaxe":20,"minecraft:torch":11,"minecraft:stone_axe":15,"minecraft:dirt":6,"minecraft:cobblestone":42,"minecraft:written_book":1,"minecraft:crafting_table":4,"minecraft:furnace":2},"minecraft:picked_up":{"minecraft:crafting_table":3,"minecraft:raw_iron":18,"minecraft:andesite":1,"minecraft:torch":2,"minecraft:oak_log":17,"minecraft:dirt":6,"minecraft:bone":1,"minecraft:rotten_flesh":1,"minecraft:wheat_seeds":1,"minecraft:granite":7,"minecraft:coal":31,"minecraft:cobblestone":83,"minecraft:furnace":2},"minecraft:crafted":{"minecraft:oak_planks":68,"minecraft:iron_boots":1,"minecraft:iron_chestplate":1,"minecraft:shield":1,"minecraft:crafting_table":2,"minecraft:stick":16,"minecraft:wooden_pickaxe":1,"minecraft:iron_ingot":13,"minecraft:stone_pickaxe":1,"minecraft:stone_sword":1,"minecraft:furnace":1,"minecraft:torch":20,"minecraft:stone_axe":1,"minecraft:air":0}},"DataVersion":3465}