{"stats":{"minecraft:custom":{"minecraft:time_since_rest":10149,"minecraft:sprint_one_cm":30840,"minecraft:damage_taken":50,"minecraft:walk_one_cm":15393,"minecraft:mob_kills":1,"minecraft:drop":4,"minecraft:damage_dealt":40,"minecraft:swim_one_cm":3517,"minecraft:interact_with_crafting_table":3,"minecraft:fly_one_cm":45461,"minecraft:crouch_one_cm":5996,"minecraft:play_time":10149,"minecraft:sneak_time":1655,"minecraft:walk_under_water_one_cm":6014,"minecraft:jump":301,"minecraft:leave_game":1,"minecraft:walk_on_water_one_cm":2902,"minecraft:time_since_death":10149,"minecraft:total_world_time":10149,"minecraft:fall_one_cm":9763},"minecraft:killed":{"minecraft:chicken":1},"minecraft:dropped":{"minecraft:dirt":2,"minecraft:oak_sapling":1,"minecraft:feather":1,"minecraft:wooden_pickaxe":1},"minecraft:mined":{"minecraft:iron_ore":1,"minecraft:grass":1,"minecraft:grass_block":4,"minecraft:oak_log":7,"minecraft:dirt":1,"minecraft:stone":15,"minecraft:oak_leaves":1},"minecraft:used":{"minecraft:stone_sword":1,"minecraft:stone_pickaxe":9,"minecraft:wooden_pickaxe":7,"minecraft:stone_axe":2,"minecraft:dirt":2,"minecraft:cobblestone":5,"minecraft:oak_sapling":1},"minecraft:picked_up":{"minecraft:raw_iron":1,"minecraft:feather":3,"minecraft:chicken":1,"minecraft:oak_log":8,"minecraft:dirt":4,"minecraft:oak_sapling":2,"minecraft:cobblestone":19},"minecraft:crafted":{"minecraft:oak_planks":32,"minecraft:stick":8,"minecraft:wooden_pickaxe":1,"minecraft:stone_pickaxe":1,"minecraft:stone_sword":1,"minecraft:stone_axe":1}},"DataVersion":3465}