{"stats":{"minecraft:custom":{"minecraft:time_since_rest":2009,"minecraft:sprint_one_cm":104328,"minecraft:damage_taken":755,"minecraft:walk_one_cm":81606,"minecraft:mob_kills":1,"minecraft:drop":3,"minecraft:damage_dealt":130,"minecraft:swim_one_cm":120386,"minecraft:interact_with_crafting_table":6,"minecraft:fly_one_cm":232954,"minecraft:open_chest":25,"minecraft:crouch_one_cm":10119,"minecraft:play_time":63715,"minecraft:deaths":2,"minecraft:sneak_time":5291,"minecraft:walk_under_water_one_cm":8850,"minecraft:jump":1170,"minecraft:leave_game":6,"minecraft:walk_on_water_one_cm":10537,"minecraft:time_since_death":2003,"minecraft:total_world_time":63715,"minecraft:damage_resisted":8,"minecraft:fall_one_cm":23507},"minecraft:killed":{"undead_revamp2:thebidyupside":1},"minecraft:dropped":{"minecraft:brown_mushroom":1,"minecraft:wheat_seeds":1,"minecraft:written_book":1},"minecraft:used":{"minecraft:stone_pickaxe":26,"minecraft:wooden_pickaxe":20,"minecraft:stone_axe":13,"minecraft:cobblestone":14,"minecraft:written_book":3,"minecraft:crafting_table":4},"minecraft:mined":{"undead_revamp2:arapholia":1,"minecraft:purple_bed":1,"minecraft:iron_ore":3,"minecraft:spruce_log":12,"minecraft:crafting_table":2,"minecraft:grass":15,"minecraft:coal_ore":7,"minecraft:oak_log":5,"minecraft:poppy":1,"minecraft:chest":2,"minecraft:tall_grass":1,"minecraft:stone":35,"minecraft:oak_leaves":5},"minecraft:killed_by":{"minecraft:iron_golem":1},"minecraft:picked_up":{"minecraft:crafting_table":2,"minecraft:stick":2,"minecraft:raw_iron":3,"minecraft:leather":3,"minecraft:brown_mushroom":1,"minecraft:oak_log":5,"minecraft:spruce_log":12,"minecraft:lapis_lazuli":8,"minecraft:experience_bottle":1,"minecraft:purple_bed":1,"minecraft:wheat_seeds":1,"minecraft:bread":8,"minecraft:written_book":1,"minecraft:iron_nugget":12,"minecraft:emerald":3,"minecraft:chest":2,"undead_revamp2:arapholia":1,"minecraft:coal":7,"minecraft:cobblestone":35},"minecraft:crafted":{"minecraft:oak_planks":20,"minecraft:crafting_table":4,"minecraft:spruce_planks":48,"minecraft:stick":16,"minecraft:wooden_pickaxe":2,"minecraft:stone_pickaxe":2,"minecraft:torch":4,"minecraft:stone_axe":2}},"DataVersion":3465}