{"stats":{"minecraft:custom":{"minecraft:time_since_rest":1901,"minecraft:sprint_one_cm":72853,"minecraft:damage_taken":442,"minecraft:walk_one_cm":48506,"minecraft:mob_kills":1,"minecraft:damage_dealt":120,"minecraft:swim_one_cm":103910,"minecraft:interact_with_crafting_table":4,"minecraft:fly_one_cm":162895,"minecraft:open_chest":2,"minecraft:crouch_one_cm":8825,"minecraft:play_time":50529,"minecraft:deaths":1,"minecraft:sneak_time":4452,"minecraft:walk_under_water_one_cm":7848,"minecraft:jump":715,"minecraft:leave_game":5,"minecraft:walk_on_water_one_cm":8271,"minecraft:time_since_death":1896,"minecraft:total_world_time":50529,"minecraft:damage_resisted":8,"minecraft:fall_one_cm":9750},"minecraft:killed":{"undead_revamp2:thebidyupside":1},"minecraft:used":{"minecraft:stone_pickaxe":26,"minecraft:wooden_pickaxe":9,"minecraft:stone_axe":4,"minecraft:cobblestone":14,"minecraft:crafting_table":2},"minecraft:mined":{"minecraft:iron_ore":3,"minecraft:crafting_table":1,"minecraft:grass":7,"minecraft:coal_ore":7,"minecraft:oak_log":5,"minecraft:chest":1,"minecraft:stone":25,"minecraft:oak_leaves":2},"minecraft:picked_up":{"minecraft:crafting_table":1,"minecraft:stick":2,"minecraft:raw_iron":3,"minecraft:oak_log":5,"minecraft:lapis_lazuli":8,"minecraft:experience_bottle":1,"minecraft:iron_nugget":12,"minecraft:emerald":2,"minecraft:chest":1,"minecraft:coal":7,"minecraft:cobblestone":25},"minecraft:crafted":{"minecraft:oak_planks":20,"minecraft:crafting_table":1,"minecraft:stick":8,"minecraft:wooden_pickaxe":1,"minecraft:stone_pickaxe":1,"minecraft:torch":4,"minecraft:stone_axe":1}},"DataVersion":3465}