{"stats":{"minecraft:custom":{"minecraft:time_since_rest":14634,"minecraft:interact_with_furnace":21,"minecraft:sprint_one_cm":56255,"minecraft:damage_taken":10,"minecraft:walk_one_cm":20838,"minecraft:mob_kills":2,"minecraft:drop":3,"minecraft:damage_dealt":80,"minecraft:swim_one_cm":7253,"minecraft:interact_with_crafting_table":8,"minecraft:fly_one_cm":54042,"minecraft:crouch_one_cm":4049,"minecraft:play_time":14634,"minecraft:sneak_time":1304,"minecraft:walk_under_water_one_cm":477,"minecraft:jump":367,"minecraft:leave_game":1,"minecraft:walk_on_water_one_cm":1934,"minecraft:time_since_death":14634,"minecraft:total_world_time":14634,"minecraft:fall_one_cm":4068},"minecraft:killed":{"minecraft:chicken":2},"minecraft:dropped":{"minecraft:oak_sapling":3,"minecraft:stone_pickaxe":1,"minecraft:wooden_pickaxe":1},"minecraft:used":{"minecraft:stone_pickaxe":34,"minecraft:iron_pickaxe":6,"minecraft:wooden_pickaxe":9,"minecraft:iron_boots":1,"minecraft:stone_axe":36,"minecraft:dirt":8,"minecraft:crafting_table":3,"minecraft:oak_sapling":1,"minecraft:furnace":2},"minecraft:mined":{"minecraft:furnace":1,"minecraft:iron_ore":12,"minecraft:birch_leaves":1,"minecraft:crafting_table":3,"minecraft:coal_ore":11,"minecraft:grass_block":2,"minecraft:oak_log":31,"minecraft:dirt":3,"minecraft:stone":22,"minecraft:oak_leaves":3},"minecraft:picked_up":{"minecraft:stick":3,"minecraft:crafting_table":3,"minecraft:raw_iron":12,"minecraft:feather":2,"minecraft:chicken":2,"minecraft:oak_log":30,"minecraft:dirt":8,"minecraft:oak_sapling":4,"minecraft:coal":12,"minecraft:cobblestone":18,"minecraft:furnace":1},"minecraft:crafted":{"minecraft:oak_planks":120,"minecraft:iron_boots":1,"minecraft:shield":1,"minecraft:crafting_table":1,"minecraft:stick":12,"minecraft:iron_pickaxe":1,"minecraft:iron_ingot":12,"minecraft:wooden_pickaxe":1,"minecraft:stone_pickaxe":1,"minecraft:stone_sword":1,"minecraft:furnace":1,"minecraft:stone_axe":1,"minecraft:air":0}},"DataVersion":3465}