{"stats":{"minecraft:custom":{"minecraft:time_since_rest":27820,"minecraft:interact_with_furnace":27,"minecraft:sprint_one_cm":93806,"minecraft:damage_taken":50,"minecraft:walk_one_cm":28457,"minecraft:mob_kills":5,"minecraft:drop":5,"minecraft:damage_dealt":520,"minecraft:swim_one_cm":29404,"minecraft:interact_with_crafting_table":12,"minecraft:fly_one_cm":110580,"minecraft:open_chest":2,"minecraft:crouch_one_cm":4948,"minecraft:play_time":27820,"minecraft:sneak_time":1721,"minecraft:walk_under_water_one_cm":4737,"minecraft:boat_one_cm":146346,"minecraft:jump":643,"minecraft:leave_game":2,"minecraft:walk_on_water_one_cm":4799,"minecraft:time_since_death":27820,"minecraft:total_world_time":27820,"minecraft:fall_one_cm":13459},"minecraft:killed":{"minecraft:horse":1,"minecraft:pig":2,"minecraft:chicken":2},"minecraft:dropped":{"minecraft:iron_ingot":2,"minecraft:oak_sapling":3,"minecraft:stone_pickaxe":1,"minecraft:wooden_pickaxe":1},"minecraft:mined":{"minecraft:furnace":3,"minecraft:iron_ore":13,"minecraft:birch_leaves":1,"minecraft:crafting_table":5,"minecraft:grass":1,"minecraft:coal_ore":11,"minecraft:grass_block":3,"minecraft:oak_log":31,"minecraft:dirt":3,"minecraft:stone":26,"minecraft:oak_leaves":5},"minecraft:used":{"minecraft:stone_sword":4,"minecraft:stone_pickaxe":34,"minecraft:oak_planks":3,"minecraft:iron_pickaxe":13,"minecraft:wooden_pickaxe":9,"minecraft:iron_boots":1,"minecraft:cooked_chicken":2,"minecraft:oak_door":1,"minecraft:stone_axe":44,"minecraft:dirt":8,"minecraft:written_book":4,"minecraft:crafting_table":5,"minecraft:oak_sapling":1,"minecraft:furnace":3,"minecraft:oak_boat":1},"minecraft:picked_up":{"minecraft:stick":3,"minecraft:crafting_table":5,"minecraft:raw_iron":13,"minecraft:feather":2,"minecraft:chicken":2,"minecraft:porkchop":2,"minecraft:oak_log":30,"minecraft:dirt":9,"minecraft:oak_boat":2,"minecraft:oak_sapling":4,"minecraft:coal":12,"minecraft:cobblestone":21,"minecraft:furnace":3},"minecraft:crafted":{"minecraft:oak_door":3,"minecraft:oak_boat":1,"minecraft:oak_planks":120,"minecraft:cooked_porkchop":1,"minecraft:iron_boots":1,"minecraft:shield":1,"minecraft:crafting_table":1,"minecraft:cooked_chicken":2,"minecraft:stick":12,"minecraft:iron_pickaxe":1,"minecraft:iron_ingot":12,"minecraft:wooden_pickaxe":1,"minecraft:stone_pickaxe":1,"minecraft:stone_sword":1,"minecraft:furnace":1,"minecraft:stone_axe":1,"minecraft:air":0}},"DataVersion":3465}