{"stats":{"minecraft:custom":{"minecraft:time_since_rest":48255,"minecraft:interact_with_furnace":22,"minecraft:sprint_one_cm":94365,"minecraft:damage_taken":82,"minecraft:walk_one_cm":52704,"minecraft:damage_blocked_by_shield":1245,"minecraft:mob_kills":3,"minecraft:drop":1,"minecraft:damage_dealt":860,"minecraft:swim_one_cm":13626,"minecraft:interact_with_crafting_table":15,"minecraft:fly_one_cm":134414,"minecraft:crouch_one_cm":4353,"minecraft:play_time":48255,"minecraft:sneak_time":2024,"minecraft:walk_under_water_one_cm":331,"minecraft:jump":670,"minecraft:leave_game":3,"minecraft:walk_on_water_one_cm":2930,"minecraft:time_since_death":48255,"minecraft:total_world_time":48255,"minecraft:fall_one_cm":15814},"minecraft:killed":{"minecraft:skeleton":3},"minecraft:dropped":{"minecraft:iron_pickaxe":1},"minecraft:mined":{"minecraft:furnace":2,"minecraft:iron_ore":39,"minecraft:spruce_log":14,"minecraft:andesite":1,"minecraft:crafting_table":3,"minecraft:grass_block":3,"minecraft:coal_ore":100,"minecraft:gravel":1,"minecraft:dirt":14,"minecraft:tall_grass":1,"minecraft:stone":30,"minecraft:diorite":2},"minecraft:used":{"minecraft:stone_sword":20,"minecraft:stone_pickaxe":18,"minecraft:iron_pickaxe":142,"minecraft:shield":8,"minecraft:iron_helmet":1,"minecraft:spruce_planks":8,"minecraft:wooden_pickaxe":18,"minecraft:iron_boots":1,"minecraft:stone_axe":11,"minecraft:dirt":10,"minecraft:written_book":7,"minecraft:crafting_table":3,"minecraft:furnace":2,"minecraft:iron_leggings":1},"minecraft:picked_up":{"minecraft:crafting_table":3,"minecraft:stick":3,"minecraft:raw_iron":39,"minecraft:andesite":1,"minecraft:gravel":1,"minecraft:spruce_sapling":2,"minecraft:diorite":2,"minecraft:spruce_log":14,"minecraft:dirt":17,"minecraft:arrow":1,"minecraft:bone":3,"minecraft:bow":1,"minecraft:iron_pickaxe":1,"minecraft:coal":110,"minecraft:cobblestone":30,"minecraft:furnace":2},"minecraft:crafted":{"minecraft:iron_chestplate":1,"minecraft:iron_boots":1,"minecraft:shield":1,"minecraft:crafting_table":1,"minecraft:spruce_planks":56,"minecraft:stick":8,"minecraft:iron_helmet":1,"minecraft:wooden_pickaxe":1,"minecraft:iron_ingot":29,"minecraft:iron_pickaxe":1,"minecraft:stone_pickaxe":1,"minecraft:stone_sword":1,"minecraft:iron_leggings":1,"minecraft:furnace":1,"minecraft:stone_axe":1,"minecraft:air":0}},"DataVersion":3465}