{"stats":{"minecraft:custom":{"minecraft:time_since_rest":34704,"minecraft:interact_with_furnace":7,"minecraft:sprint_one_cm":71557,"minecraft:damage_taken":20,"minecraft:walk_one_cm":38234,"minecraft:swim_one_cm":13626,"minecraft:interact_with_crafting_table":4,"minecraft:fly_one_cm":114248,"minecraft:crouch_one_cm":2629,"minecraft:play_time":34704,"minecraft:sneak_time":1099,"minecraft:walk_under_water_one_cm":331,"minecraft:jump":516,"minecraft:leave_game":2,"minecraft:walk_on_water_one_cm":2930,"minecraft:time_since_death":34704,"minecraft:total_world_time":34704,"minecraft:fall_one_cm":13799},"minecraft:mined":{"minecraft:furnace":1,"minecraft:iron_ore":29,"minecraft:spruce_log":14,"minecraft:andesite":1,"minecraft:crafting_table":2,"minecraft:grass_block":3,"minecraft:coal_ore":19,"minecraft:gravel":1,"minecraft:dirt":12,"minecraft:tall_grass":1,"minecraft:stone":19,"minecraft:diorite":1},"minecraft:used":{"minecraft:stone_sword":1,"minecraft:stone_pickaxe":12,"minecraft:iron_pickaxe":44,"minecraft:spruce_planks":8,"minecraft:wooden_pickaxe":18,"minecraft:stone_axe":9,"minecraft:dirt":4,"minecraft:crafting_table":2,"minecraft:furnace":2},"minecraft:picked_up":{"minecraft:crafting_table":2,"minecraft:stick":3,"minecraft:raw_iron":29,"minecraft:andesite":1,"minecraft:gravel":1,"minecraft:spruce_sapling":2,"minecraft:diorite":1,"minecraft:spruce_log":14,"minecraft:dirt":15,"minecraft:coal":20,"minecraft:cobblestone":19,"minecraft:furnace":1},"minecraft:crafted":{"minecraft:shield":1,"minecraft:crafting_table":1,"minecraft:spruce_planks":56,"minecraft:stick":8,"minecraft:wooden_pickaxe":1,"minecraft:iron_ingot":5,"minecraft:iron_pickaxe":1,"minecraft:stone_pickaxe":1,"minecraft:stone_sword":1,"minecraft:furnace":1,"minecraft:stone_axe":1,"minecraft:air":0}},"DataVersion":3465}