{"stats":{"minecraft:custom":{"minecraft:time_since_rest":62703,"minecraft:interact_with_furnace":5,"minecraft:sprint_one_cm":121737,"minecraft:walk_one_cm":98637,"minecraft:swim_one_cm":6445,"minecraft:interact_with_crafting_table":8,"minecraft:fly_one_cm":302118,"minecraft:crouch_one_cm":2345,"minecraft:play_time":62703,"minecraft:sneak_time":709,"minecraft:walk_under_water_one_cm":4567,"minecraft:jump":1002,"minecraft:leave_game":2,"minecraft:walk_on_water_one_cm":3391,"minecraft:time_since_death":62703,"minecraft:total_world_time":62703,"minecraft:fall_one_cm":836},"minecraft:broken":{"minecraft:stone_pickaxe":3,"minecraft:wooden_pickaxe":1},"minecraft:mined":{"minecraft:tuff":10,"minecraft:furnace":1,"minecraft:iron_ore":5,"minecraft:andesite":37,"minecraft:birch_leaves":1,"minecraft:torch":2,"minecraft:peony":1,"minecraft:crafting_table":6,"minecraft:granite":16,"minecraft:oak_log":20,"minecraft:coal_ore":44,"minecraft:grass_block":2,"minecraft:gravel":17,"minecraft:dirt":21,"minecraft:lapis_ore":1,"minecraft:stone":216,"minecraft:wall_torch":1,"minecraft:deepslate":231,"minecraft:diorite":17,"minecraft:oak_leaves":9},"minecraft:used":{"minecraft:wooden_axe":25,"minecraft:stone_pickaxe":522,"minecraft:wooden_pickaxe":59,"minecraft:iron_boots":1,"minecraft:torch":10,"minecraft:dirt":1,"minecraft:written_book":7,"minecraft:crafting_table":6,"minecraft:furnace":1},"minecraft:picked_up":{"minecraft:raw_iron":5,"minecraft:crafting_table":6,"minecraft:andesite":37,"minecraft:torch":3,"minecraft:gravel":16,"minecraft:flint":3,"minecraft:tuff":10,"minecraft:oak_log":20,"minecraft:diorite":17,"minecraft:lapis_lazuli":8,"minecraft:dirt":23,"minecraft:peony":1,"minecraft:cobbled_deepslate":227,"minecraft:granite":16,"minecraft:coal":69,"minecraft:cobblestone":213,"minecraft:furnace":1},"minecraft:crafted":{"minecraft:oak_planks":24,"minecraft:iron_boots":1,"minecraft:shield":1,"minecraft:crafting_table":1,"minecraft:stick":16,"minecraft:iron_ingot":5,"minecraft:wooden_pickaxe":1,"minecraft:stone_pickaxe":4,"minecraft:wooden_axe":1,"minecraft:furnace":1,"minecraft:torch":8,"minecraft:air":0}},"DataVersion":3465}