{"stats":{"minecraft:custom":{"minecraft:time_since_rest":50703,"minecraft:interact_with_furnace":5,"minecraft:sprint_one_cm":121704,"minecraft:walk_one_cm":80096,"minecraft:swim_one_cm":6445,"minecraft:interact_with_crafting_table":6,"minecraft:fly_one_cm":302118,"minecraft:crouch_one_cm":2345,"minecraft:play_time":50703,"minecraft:sneak_time":709,"minecraft:walk_under_water_one_cm":4567,"minecraft:jump":1000,"minecraft:leave_game":2,"minecraft:walk_on_water_one_cm":3391,"minecraft:time_since_death":50703,"minecraft:total_world_time":50703,"minecraft:fall_one_cm":836},"minecraft:broken":{"minecraft:stone_pickaxe":1,"minecraft:wooden_pickaxe":1},"minecraft:mined":{"minecraft:furnace":1,"minecraft:iron_ore":5,"minecraft:andesite":37,"minecraft:birch_leaves":1,"minecraft:peony":1,"minecraft:crafting_table":4,"minecraft:granite":3,"minecraft:oak_log":20,"minecraft:coal_ore":44,"minecraft:grass_block":2,"minecraft:dirt":18,"minecraft:lapis_ore":1,"minecraft:stone":169,"minecraft:diorite":17,"minecraft:oak_leaves":9},"minecraft:used":{"minecraft:wooden_axe":23,"minecraft:stone_pickaxe":220,"minecraft:wooden_pickaxe":59,"minecraft:iron_boots":1,"minecraft:torch":4,"minecraft:dirt":1,"minecraft:crafting_table":4,"minecraft:furnace":1},"minecraft:picked_up":{"minecraft:raw_iron":5,"minecraft:crafting_table":4,"minecraft:andesite":37,"minecraft:oak_log":20,"minecraft:diorite":17,"minecraft:lapis_lazuli":8,"minecraft:dirt":19,"minecraft:peony":1,"minecraft:granite":3,"minecraft:coal":69,"minecraft:cobblestone":166,"minecraft:furnace":1},"minecraft:crafted":{"minecraft:oak_planks":24,"minecraft:iron_boots":1,"minecraft:shield":1,"minecraft:crafting_table":1,"minecraft:stick":12,"minecraft:iron_ingot":5,"minecraft:wooden_pickaxe":1,"minecraft:stone_pickaxe":2,"minecraft:wooden_axe":1,"minecraft:furnace":1,"minecraft:torch":8,"minecraft:air":0}},"DataVersion":3465}