{"stats":{"minecraft:custom":{"minecraft:time_since_rest":353,"minecraft:interact_with_furnace":2,"minecraft:sprint_one_cm":124533,"minecraft:damage_taken":820,"minecraft:walk_one_cm":59120,"minecraft:mob_kills":19,"minecraft:drop":2,"minecraft:damage_dealt":588,"minecraft:swim_one_cm":17894,"minecraft:interact_with_crafting_table":10,"minecraft:fly_one_cm":342998,"minecraft:crouch_one_cm":2497,"minecraft:play_time":48629,"minecraft:deaths":2,"minecraft:sneak_time":1071,"minecraft:walk_under_water_one_cm":26348,"minecraft:jump":1210,"minecraft:walk_on_water_one_cm":4628,"minecraft:leave_game":3,"minecraft:time_since_death":0,"minecraft:total_world_time":48629,"minecraft:fall_one_cm":9846},"minecraft:killed":{"minecraft:salmon":19},"minecraft:dropped":{"minecraft:wooden_pickaxe":2},"minecraft:used":{"minecraft:stone_sword":21,"minecraft:stone_pickaxe":76,"minecraft:wooden_pickaxe":12,"minecraft:cooked_salmon":3,"minecraft:stone_axe":4,"minecraft:cobblestone":1,"minecraft:written_book":2,"minecraft:crafting_table":5,"minecraft:furnace":1,"undead_revamp2:arapholia":1},"minecraft:mined":{"undead_revamp2:arapholia":1,"minecraft:birch_log":13,"minecraft:crafting_table":3,"minecraft:grass":1,"minecraft:coal_ore":44,"minecraft:oak_log":6,"minecraft:stone":44},"minecraft:picked_up":{"minecraft:birch_log":13,"minecraft:crafting_table":3,"minecraft:salmon":16,"minecraft:oak_log":6,"minecraft:wheat_seeds":1,"minecraft:oak_sapling":3,"undead_revamp2:arapholia":1,"minecraft:oak_planks":24,"minecraft:coal":43,"minecraft:cobblestone":44},"minecraft:crafted":{"minecraft:oak_planks":24,"minecraft:stone_shovel":2,"minecraft:crafting_table":4,"minecraft:stick":24,"minecraft:wooden_pickaxe":2,"minecraft:stone_pickaxe":2,"minecraft:stone_sword":2,"minecraft:furnace":2,"minecraft:oak_button":24,"minecraft:cooked_salmon":3,"minecraft:birch_planks":52,"minecraft:stone_axe":2}},"DataVersion":3465}