{"stats":{"minecraft:custom":{"minecraft:time_since_rest":6298,"minecraft:damage_taken":470,"minecraft:play_time":41152,"minecraft:crouch_one_cm":2497,"minecraft:walk_one_cm":46121,"minecraft:sprint_one_cm":106716,"minecraft:deaths":1,"minecraft:sneak_time":970,"minecraft:drop":2,"minecraft:jump":1041,"minecraft:damage_dealt":18,"minecraft:leave_game":2,"minecraft:time_since_death":6295,"minecraft:total_world_time":41152,"minecraft:interact_with_crafting_table":9,"minecraft:fall_one_cm":5927,"minecraft:fly_one_cm":316150},"minecraft:dropped":{"minecraft:wooden_pickaxe":2},"minecraft:mined":{"minecraft:oak_log":6,"minecraft:coal_ore":33,"minecraft:birch_log":13,"minecraft:stone":44,"minecraft:crafting_table":2},"minecraft:used":{"minecraft:stone_axe":1,"minecraft:stone_sword":2,"minecraft:cobblestone":1,"minecraft:crafting_table":5,"minecraft:stone_pickaxe":65,"minecraft:wooden_pickaxe":12},"minecraft:picked_up":{"minecraft:birch_log":13,"minecraft:crafting_table":2,"minecraft:oak_log":6,"minecraft:oak_planks":24,"minecraft:coal":32,"minecraft:cobblestone":44},"minecraft:crafted":{"minecraft:stone_sword":1,"minecraft:furnace":1,"minecraft:oak_button":24,"minecraft:oak_planks":24,"minecraft:stone_shovel":1,"minecraft:birch_planks":52,"minecraft:stone_axe":1,"minecraft:crafting_table":4,"minecraft:stick":16,"minecraft:wooden_pickaxe":2,"minecraft:stone_pickaxe":2}},"DataVersion":3465}