{"stats":{"minecraft:custom":{"minecraft:time_since_rest":65356,"minecraft:interact_with_furnace":17,"minecraft:sprint_one_cm":110499,"minecraft:damage_taken":178,"minecraft:walk_one_cm":82624,"minecraft:mob_kills":2,"minecraft:drop":4,"minecraft:damage_dealt":60,"minecraft:swim_one_cm":5090,"minecraft:interact_with_crafting_table":8,"minecraft:fly_one_cm":144885,"minecraft:crouch_one_cm":7989,"minecraft:play_time":65356,"minecraft:sneak_time":2144,"minecraft:walk_under_water_one_cm":2332,"minecraft:boat_one_cm":21992,"minecraft:jump":836,"minecraft:leave_game":2,"minecraft:walk_on_water_one_cm":2824,"minecraft:time_since_death":65356,"minecraft:total_world_time":65356,"minecraft:damage_resisted":514,"minecraft:fall_one_cm":22208},"minecraft:killed":{"minecraft:salmon":2},"minecraft:broken":{"minecraft:stone_axe":1},"minecraft:dropped":{"minecraft:oak_log":128,"minecraft:wooden_pickaxe":2},"minecraft:used":{"minecraft:iron_axe":84,"minecraft:stone_pickaxe":80,"minecraft:iron_pickaxe":3,"minecraft:leather_helmet":9,"minecraft:wooden_pickaxe":7,"minecraft:cooked_salmon":2,"minecraft:stone_axe":131,"minecraft:dirt":9,"minecraft:cobblestone":24,"minecraft:written_book":12,"minecraft:crafting_table":5,"minecraft:furnace":3,"minecraft:oak_boat":1},"minecraft:mined":{"undead_revamp2:arapholia":1,"minecraft:large_fern":1,"minecraft:furnace":3,"minecraft:iron_ore":8,"minecraft:spruce_log":55,"minecraft:crafting_table":6,"minecraft:grass":2,"minecraft:emerald_ore":2,"minecraft:oak_log":140,"minecraft:grass_block":4,"minecraft:coal_ore":38,"minecraft:dirt":6,"minecraft:spruce_leaves":22,"minecraft:stone":39,"minecraft:oak_leaves":13},"minecraft:picked_up":{"minecraft:stick":2,"minecraft:crafting_table":5,"minecraft:raw_iron":8,"minecraft:cooked_beef":20,"minecraft:salmon":2,"minecraft:wooden_pickaxe":1,"minecraft:spruce_sapling":4,"minecraft:oak_log":266,"minecraft:spruce_log":53,"minecraft:dirt":9,"minecraft:leather_helmet":1,"minecraft:wheat_seeds":1,"minecraft:oak_boat":1,"minecraft:emerald":2,"undead_revamp2:arapholia":1,"minecraft:coal":103,"minecraft:cobblestone":38,"minecraft:furnace":3},"minecraft:crafted":{"minecraft:oak_boat":1,"minecraft:oak_planks":40,"minecraft:iron_axe":1,"minecraft:shield":1,"minecraft:crafting_table":1,"minecraft:stick":8,"minecraft:wooden_pickaxe":1,"minecraft:iron_ingot":8,"minecraft:iron_pickaxe":1,"minecraft:stone_pickaxe":1,"minecraft:furnace":1,"minecraft:cooked_salmon":2,"minecraft:stone_axe":1,"minecraft:air":0}},"DataVersion":3465}