{"stats":{"minecraft:custom":{"minecraft:time_since_rest":52170,"minecraft:interact_with_furnace":10,"minecraft:sprint_one_cm":79624,"minecraft:damage_taken":108,"minecraft:walk_one_cm":66433,"minecraft:mob_kills":2,"minecraft:drop":2,"minecraft:damage_dealt":60,"minecraft:swim_one_cm":4705,"minecraft:interact_with_crafting_table":6,"minecraft:fly_one_cm":104660,"minecraft:crouch_one_cm":7609,"minecraft:play_time":52170,"minecraft:sneak_time":1991,"minecraft:walk_under_water_one_cm":1023,"minecraft:jump":609,"minecraft:leave_game":1,"minecraft:walk_on_water_one_cm":1664,"minecraft:time_since_death":52170,"minecraft:total_world_time":52170,"minecraft:damage_resisted":514,"minecraft:fall_one_cm":16921},"minecraft:killed":{"minecraft:salmon":2},"minecraft:dropped":{"minecraft:wooden_pickaxe":2},"minecraft:used":{"minecraft:stone_pickaxe":77,"minecraft:iron_pickaxe":3,"minecraft:leather_helmet":9,"minecraft:wooden_pickaxe":7,"minecraft:cooked_salmon":1,"minecraft:stone_axe":13,"minecraft:dirt":8,"minecraft:cobblestone":23,"minecraft:crafting_table":3,"minecraft:furnace":2},"minecraft:mined":{"minecraft:furnace":2,"minecraft:iron_ore":7,"minecraft:spruce_log":2,"minecraft:crafting_table":4,"minecraft:emerald_ore":2,"minecraft:oak_log":10,"minecraft:grass_block":3,"minecraft:coal_ore":38,"minecraft:dirt":5,"minecraft:spruce_leaves":19,"minecraft:stone":38},"minecraft:picked_up":{"minecraft:crafting_table":3,"minecraft:raw_iron":7,"minecraft:salmon":2,"minecraft:wooden_pickaxe":1,"minecraft:oak_log":10,"minecraft:spruce_log":1,"minecraft:dirt":8,"minecraft:leather_helmet":1,"minecraft:emerald":2,"minecraft:coal":68,"minecraft:cobblestone":37,"minecraft:furnace":2},"minecraft:crafted":{"minecraft:oak_planks":20,"minecraft:shield":1,"minecraft:crafting_table":1,"minecraft:stick":8,"minecraft:wooden_pickaxe":1,"minecraft:iron_ingot":4,"minecraft:iron_pickaxe":1,"minecraft:stone_pickaxe":1,"minecraft:furnace":1,"minecraft:cooked_salmon":2,"minecraft:stone_axe":1,"minecraft:air":0}},"DataVersion":3465}