{"stats":{"minecraft:custom":{"minecraft:time_since_rest":13026,"minecraft:damage_taken":30,"minecraft:crouch_one_cm":365,"minecraft:play_time":13026,"minecraft:sprint_one_cm":11896,"minecraft:walk_one_cm":17525,"minecraft:sneak_time":207,"minecraft:jump":188,"minecraft:leave_game":2,"minecraft:time_since_death":13026,"minecraft:total_world_time":13026,"minecraft:interact_with_crafting_table":1,"minecraft:fall_one_cm":4051,"minecraft:fly_one_cm":45311},"minecraft:used":{"minecraft:dirt":4,"minecraft:crafting_table":1,"minecraft:wooden_pickaxe":22},"minecraft:mined":{"minecraft:grass":1,"minecraft:grass_block":1,"minecraft:oak_log":8,"minecraft:dirt":5,"minecraft:stone":22,"minecraft:oak_leaves":5},"minecraft:picked_up":{"minecraft:stick":14,"minecraft:wheat_seeds":1,"minecraft:wooden_pickaxe":1,"minecraft:oak_log":7,"minecraft:oak_sapling":1,"minecraft:dirt":6,"minecraft:cobblestone":22},"minecraft:crafted":{"minecraft:furnace":1,"minecraft:oak_planks":28,"minecraft:crafting_table":1,"minecraft:stick":8}},"DataVersion":3465}