{"stats":{"minecraft:custom":{"minecraft:time_since_rest":26713,"minecraft:interact_with_furnace":13,"minecraft:sprint_one_cm":16570,"minecraft:damage_taken":50,"minecraft:walk_one_cm":25170,"minecraft:mob_kills":5,"minecraft:damage_dealt":150,"minecraft:swim_one_cm":49252,"minecraft:interact_with_crafting_table":6,"minecraft:fly_one_cm":49129,"minecraft:crouch_one_cm":620,"minecraft:play_time":26713,"minecraft:sneak_time":931,"minecraft:walk_under_water_one_cm":22981,"minecraft:jump":237,"minecraft:leave_game":3,"minecraft:time_since_death":26713,"minecraft:walk_on_water_one_cm":12849,"minecraft:interact_with_smoker":10,"minecraft:total_world_time":26713,"minecraft:fall_one_cm":5351},"minecraft:killed":{"minecraft:salmon":5},"minecraft:used":{"minecraft:stone_pickaxe":82,"minecraft:iron_pickaxe":2,"minecraft:oak_planks":12,"minecraft:wooden_pickaxe":22,"minecraft:oak_door":17,"minecraft:stone_axe":38,"minecraft:dirt":5,"minecraft:cobblestone":2,"minecraft:written_book":15,"minecraft:crafting_table":3,"minecraft:furnace":1,"minecraft:smoker":1},"minecraft:mined":{"minecraft:oak_door":13,"minecraft:iron_ore":19,"minecraft:crafting_table":2,"minecraft:grass":2,"minecraft:coal_ore":57,"minecraft:grass_block":1,"minecraft:oak_log":25,"minecraft:dirt":5,"minecraft:stone":30,"minecraft:oak_leaves":6},"minecraft:picked_up":{"minecraft:raw_iron":19,"minecraft:stick":14,"minecraft:crafting_table":2,"minecraft:oak_door":14,"minecraft:salmon":5,"minecraft:wooden_pickaxe":1,"minecraft:oak_log":24,"minecraft:dirt":6,"minecraft:wheat_seeds":1,"minecraft:oak_sapling":1,"minecraft:coal":57,"minecraft:cobblestone":30},"minecraft:crafted":{"minecraft:oak_door":3,"minecraft:oak_planks":32,"minecraft:stone_shovel":1,"minecraft:iron_chestplate":1,"minecraft:shield":1,"minecraft:crafting_table":1,"minecraft:stick":8,"minecraft:iron_pickaxe":1,"minecraft:iron_ingot":19,"minecraft:stone_pickaxe":1,"minecraft:stone_sword":1,"minecraft:furnace":2,"minecraft:bucket":1,"minecraft:stone_axe":1,"minecraft:air":0,"minecraft:smoker":1}},"DataVersion":3465}