{"stats":{"minecraft:picked_up":{"moretotems:explosive_totem_of_undying":1},"minecraft:custom":{"minecraft:time_since_rest":21455,"minecraft:leave_game":3,"minecraft:play_time":21455,"minecraft:sprint_one_cm":1108,"minecraft:time_since_death":21455,"minecraft:walk_one_cm":3353,"minecraft:sneak_time":188,"minecraft:total_world_time":21455,"minecraft:drop":1,"minecraft:fly_one_cm":133703,"minecraft:jump":25},"minecraft:used":{"cardinal_sins:malevolichite_ore":1},"minecraft:dropped":{"moretotems:explosive_totem_of_undying":1}},"DataVersion":3465}