{"stats":{"minecraft:picked_up":{"moretotems:explosive_totem_of_undying":1},"minecraft:custom":{"minecraft:time_since_rest":9455,"minecraft:leave_game":3,"minecraft:play_time":9455,"minecraft:sprint_one_cm":1108,"minecraft:time_since_death":9455,"minecraft:walk_one_cm":3189,"minecraft:sneak_time":23,"minecraft:total_world_time":9455,"minecraft:drop":1,"minecraft:fly_one_cm":25818,"minecraft:jump":24},"minecraft:used":{"cardinal_sins:malevolichite_ore":1},"minecraft:dropped":{"moretotems:explosive_totem_of_undying":1}},"DataVersion":3465}