{"stats":{"minecraft:custom":{"minecraft:time_since_rest":81116,"minecraft:crouch_one_cm":1579,"minecraft:sprint_one_cm":6055,"minecraft:play_time":81116,"minecraft:walk_one_cm":42294,"minecraft:sneak_time":1666,"minecraft:drop":1,"minecraft:jump":143,"minecraft:leave_game":5,"minecraft:time_since_death":81116,"minecraft:interact_with_beacon":3,"minecraft:total_world_time":81116,"minecraft:fly_one_cm":370848},"minecraft:dropped":{"moretotems:explosive_totem_of_undying":1},"minecraft:used":{"minecraft:stone_bricks":14,"minecraft:purple_stained_glass":4,"minecraft:cracked_stone_bricks":19,"minecraft:netherite_block":10,"minecraft:mossy_stone_bricks":6,"minecraft:polished_blackstone_brick_slab":9,"minecraft:diamond_block":10,"minecraft:cobblestone":26,"minecraft:black_stained_glass":6,"minecraft:flint_and_steel":1,"minecraft:lantern":9,"minecraft:grass_block":45,"minecraft:polished_andesite":17,"cardinal_sins:malevolichite_ore":1,"minecraft:andesite":14,"minecraft:chain":10,"minecraft:polished_diorite_slab":7,"minecraft:polished_basalt":12,"minecraft:spore_blossom":12,"minecraft:stone":50,"minecraft:polished_blackstone_brick_stairs":42,"minecraft:diorite_wall":28,"minecraft:smooth_stone":37,"minecraft:beacon":3,"minecraft:polished_diorite":26,"minecraft:gray_stained_glass":8,"minecraft:deepslate_bricks":13},"minecraft:picked_up":{"minecraft:leather":2,"moretotems:explosive_totem_of_undying":1}},"DataVersion":3465}