{"stats":{"minecraft:picked_up":{"minecraft:leather":2,"moretotems:explosive_totem_of_undying":1},"minecraft:custom":{"minecraft:time_since_rest":39455,"minecraft:crouch_one_cm":1348,"minecraft:sprint_one_cm":2642,"minecraft:play_time":39455,"minecraft:walk_one_cm":25282,"minecraft:sneak_time":1355,"minecraft:drop":1,"minecraft:jump":106,"minecraft:leave_game":3,"minecraft:time_since_death":39455,"minecraft:interact_with_beacon":2,"minecraft:total_world_time":39455,"minecraft:fly_one_cm":279994},"minecraft:used":{"minecraft:stone_bricks":14,"minecraft:purple_stained_glass":2,"minecraft:cracked_stone_bricks":19,"minecraft:mossy_stone_bricks":6,"minecraft:polished_blackstone_brick_slab":9,"minecraft:diamond_block":10,"minecraft:cobblestone":26,"minecraft:black_stained_glass":6,"minecraft:flint_and_steel":1,"minecraft:lantern":9,"minecraft:grass_block":34,"minecraft:polished_andesite":17,"minecraft:andesite":14,"cardinal_sins:malevolichite_ore":1,"minecraft:chain":10,"minecraft:polished_diorite_slab":6,"minecraft:polished_basalt":12,"minecraft:spore_blossom":11,"minecraft:polished_blackstone_brick_stairs":42,"minecraft:stone":41,"minecraft:diorite_wall":28,"minecraft:smooth_stone":37,"minecraft:beacon":1,"minecraft:polished_diorite":26,"minecraft:gray_stained_glass":8},"minecraft:dropped":{"moretotems:explosive_totem_of_undying":1}},"DataVersion":3465}