{"stats":{"minecraft:custom":{"minecraft:jump":839,"minecraft:time_since_rest":63475,"minecraft:crouch_one_cm":11,"minecraft:leave_game":2,"minecraft:play_time":63475,"minecraft:sprint_one_cm":118697,"minecraft:time_since_death":63475,"minecraft:walk_one_cm":18080,"minecraft:sneak_time":158,"minecraft:total_world_time":63475,"minecraft:drop":1,"minecraft:fly_one_cm":523257},"minecraft:dropped":{"minecraft:leather_helmet":1},"minecraft:used":{"minecraft:black_stained_glass":1}},"DataVersion":3465}