{"stats":{"minecraft:custom":{"minecraft:jump":1124,"minecraft:time_since_rest":76661,"minecraft:crouch_one_cm":11,"minecraft:leave_game":3,"minecraft:play_time":76661,"minecraft:sprint_one_cm":156353,"minecraft:time_since_death":76661,"minecraft:walk_one_cm":21845,"minecraft:sneak_time":205,"minecraft:total_world_time":76661,"minecraft:drop":4,"minecraft:fly_one_cm":650246},"minecraft:dropped":{"minecraft:leather_helmet":1,"minecraft:cooked_beef":20,"minecraft:oak_log":128},"minecraft:used":{"minecraft:soul_lantern":5,"minecraft:lever":2,"minecraft:black_stained_glass":1,"minecraft:written_book":6,"minecraft:command_block":1},"minecraft:picked_up":{"minecraft:oak_log":128}},"DataVersion":3465}