{"stats":{"minecraft:custom":{"minecraft:time_since_rest":45010,"minecraft:crouch_one_cm":3111,"minecraft:play_time":45010,"minecraft:sprint_one_cm":42308,"minecraft:damage_taken":240,"minecraft:walk_one_cm":45960,"minecraft:sneak_time":1672,"minecraft:jump":532,"minecraft:damage_dealt":210,"minecraft:leave_game":1,"minecraft:time_since_death":45010,"minecraft:damage_resisted":8704,"minecraft:total_world_time":45010,"minecraft:interact_with_crafting_table":3,"minecraft:fall_one_cm":4286,"minecraft:fly_one_cm":134777},"minecraft:used":{"minecraft:stone_axe":4,"minecraft:stone_sword":13,"minecraft:cobblestone":2,"minecraft:crafting_table":2,"minecraft:stone_pickaxe":12,"minecraft:wooden_pickaxe":6},"minecraft:mined":{"minecraft:grass":1,"minecraft:oak_log":14,"minecraft:tall_grass":1,"minecraft:stone":18,"minecraft:oak_leaves":6,"minecraft:crafting_table":1},"minecraft:picked_up":{"minecraft:crafting_table":1,"minecraft:oak_log":14,"minecraft:cobblestone":18},"minecraft:crafted":{"minecraft:stone_sword":2,"minecraft:oak_planks":44,"minecraft:crafting_table":1,"minecraft:stone_axe":1,"minecraft:stick":8,"minecraft:wooden_pickaxe":1,"minecraft:stone_pickaxe":1}},"DataVersion":3465}