{
  "__COMMENT1": "To apply this configuration to all newly generated worlds",
  "__COMMENT2": "please place this configuration file into your config directory",
  "__COMMENT3": "with the following name: cpm-server-default.json",
  "player_scaling": {
    "6825a2c9-0698-4ef9-826e-3b7eba5099d7": {},
    "ba7dc2fb-d302-36b4-a963-dbf3ff742a86": {},
    "37923b8c-9357-36a6-9590-6bc2f827496a": {},
    "5ddb485b-1ba9-3aa7-90d8-72403fceea34": {
      "motion": 1.0,
      "stepHeight": 1.0,
      "flight": 1.0,
      "reach": 1.0,
      "asp": 1.0,
      "akb": 1.0,
      "attack": 1.0,
      "defense": 1.0,
      "health": 1.0,
      "mob_vis": 1.0,
      "kbr": 1.0
    },
    "2f43eaca-bfd5-3d20-9ee7-ecc922d02271": {},
    "10ebc68b-2a23-3af0-8583-9e2a9035a5c3": {},
    "d8eab8ea-59e7-3203-b822-b37acd0318e9": {},
    "496faba5-76d8-38d3-a5c9-6f4c7d4e4ba4": {},
    "317901b9-cca2-3f69-b310-9e45aa4cdb9b": {},
    "616395d4-9a33-3789-951b-43f3e727d0ea": {},
    "11cf2a9c-88ba-30c2-a8ba-4c56b80bdcca": {},
    "3025fd1e-f09d-3450-a2ee-cfb31dd6040e": {},
    "0aedc022-877f-3ecd-9c69-ed5945765889": {}
  },
  "skins": {},
  "kickPlayersWithoutMod": 0.0,
  "kickMessage": "1",
  "player_scaling_settings": {},
  "scaling_settings": {
    "motion": {},
    "mob_visibility": {},
    "defense": {},
    "attack_knockback": {},
    "flight_speed": {},
    "step_height": {},
    "knockback_resist": {},
    "reach": {},
    "health": {},
    "attack_speed": {},
    "attack_dmg": {}
  }
}