{
  "__COMMENT1": "To apply this configuration to all newly generated worlds",
  "__COMMENT2": "please place this configuration file into your config directory",
  "__COMMENT3": "with the following name: cpm-server-default.json",
  "player_scaling": {
    "6825a2c9-0698-4ef9-826e-3b7eba5099d7": {},
    "ba7dc2fb-d302-36b4-a963-dbf3ff742a86": {},
    "37923b8c-9357-36a6-9590-6bc2f827496a": {},
    "5ddb485b-1ba9-3aa7-90d8-72403fceea34": {},
    "2f43eaca-bfd5-3d20-9ee7-ecc922d02271": {},
    "10ebc68b-2a23-3af0-8583-9e2a9035a5c3": {}
  },
  "skins": {}
}