{
  "minecraft:recipes/decorations/crafting_table": {
    "criteria": {
      "unlock_right_away": "2024-06-29 00:23:25 +0000"
    },
    "done": true
  },
  "minecraft:adventure/adventuring_time": {
    "criteria": {
      "minecraft:snowy_slopes": "2024-06-29 00:23:26 +0000",
      "minecraft:river": "2024-06-29 20:43:33 +0000",
      "minecraft:stony_shore": "2024-06-29 00:23:39 +0000",
      "minecraft:grove": "2024-06-29 00:36:06 +0000",
      "minecraft:forest": "2024-06-29 20:43:32 +0000",
      "minecraft:plains": "2024-06-29 00:35:33 +0000"
    },
    "done": false
  },
  "undead_revamp2:theundeadchallenges": {
    "criteria": {
      "theundeadchallenges": "2024-06-29 20:31:24 +0000"
    },
    "done": true
  },
  "repurposed_structures:root": {
    "criteria": {
      "always": "2024-06-29 20:31:24 +0000"
    },
    "done": true
  },
  "DataVersion": 3465
}